,P02con,P02fu,P02ox,P03con,P03fu,P03ox,P07con,P07fu,P07ox,P15con,P15fu,P15ox,P02_Ccon,P02_Cfu,P02_Cox,P03_Ccon,P03_Cfu,P03_Cox,P07_Ccon,P07_Cfu,P07_Cox,P15_Ccon,P15_Cfu,P15_Cox,P02_CPc,P02_CPp1,P02_CPs1,P03_CPc,P03_CPp1,P03_CPs1,P07_CPc,P07_CPp1,P07_CPs1,P15_CPc,P15_CPp1,P15_CPs1
P02con,1.0,0.9849937857243787,0.9889152914144186,0.9880419884616497,0.9738611907693598,0.9864879758987153,0.9677154547652975,0.9766116133436774,0.9768891044849156,0.9734412054691051,0.9588082655389232,0.969811176313041,0.9720970567173819,0.9314988525641443,0.9664179814277492,0.964787591904072,0.9460215848516114,0.9160366284243258,0.9532375742567073,0.9311586806025349,0.9547658985459243,0.9498545258788883,0.9514975227742137,0.9408694017769875,0.9696194106825299,0.9643984646597408,0.9590439270314081,0.9569191802601712,0.9571125065718532,0.9472544120710035,0.9130750421158891,0.91395332534454,0.8853722482121266,0.9383028278433961,0.9412995850896813,0.9113933154893218
P02fu,0.9849937857243787,1.0,0.9849418634771238,0.9792992965269294,0.9842824410035821,0.9847628785448828,0.9715310284728939,0.9761002173610585,0.9769995211056954,0.972634802607527,0.9639234102572899,0.9720918932452067,0.9638886421264808,0.9423921439946246,0.9615334695761483,0.9638331008772463,0.9479203806217693,0.9252023263302888,0.9529635735546985,0.9417161913392786,0.9559459081983152,0.9547551087047489,0.9563922322992402,0.9461390227846993,0.969097386884019,0.9638851381948178,0.9621233647086801,0.9541429999009979,0.9538005850519566,0.9485369370899316,0.9123576545404567,0.912534010465495,0.889074190519636,0.9408603127541988,0.9445373531651604,0.9206341884284874
P02ox,0.9889152914144186,0.9849418634771238,1.0,0.9904907903383585,0.9757691957687417,0.9849603691230999,0.9717910685452015,0.9844677814368908,0.9852749222243036,0.9730313414078955,0.9553095891606725,0.970617007626778,0.966808459946901,0.929319911539701,0.9620876190928273,0.9689291106055461,0.9429691559533369,0.914737615463427,0.9504331459460714,0.9311289188847937,0.9543317132300865,0.9480791583558513,0.9492577263829473,0.9392781195607062,0.9668204873947122,0.9601999224358478,0.9555653300955703,0.9569230664034253,0.9560941841401058,0.9473618980555942,0.9085849798653443,0.9090849095887825,0.8817429742776358,0.9372577168204927,0.9398383704365983,0.9098600057733485
P03con,0.9880419884616497,0.9792992965269294,0.9904907903383585,1.0,0.972915011730976,0.9841230210008296,0.969836732644639,0.9813485613963647,0.9825121938577429,0.9736460746771196,0.9520472317227308,0.9687126848544885,0.9736004179951951,0.9320946779494844,0.9678367205951708,0.9733953260588175,0.9490079996320873,0.9182756664156074,0.9534874053523639,0.9316150812529272,0.9557932613153429,0.948348458809826,0.9508626691341675,0.9387255272602251,0.9655443652027056,0.9602704330956534,0.9530250347981377,0.9558441813460897,0.9547047434149358,0.9449425410217126,0.9084096219079393,0.909364687572266,0.8787737406742837,0.9348920562257895,0.9366289373968959,0.9055986178916599
P03fu,0.9738611907693598,0.9842824410035821,0.9757691957687417,0.972915011730976,1.0,0.9791850885930573,0.9681047544577973,0.9781687654232233,0.9753031396774904,0.9680336028928227,0.9640874488470008,0.967263465684975,0.9563726523214164,0.9417829475179353,0.9553900313257194,0.9637269193932846,0.9456678932320146,0.9254741775796993,0.9493330147028577,0.9449057386497568,0.9523851510963568,0.9504534315654852,0.9518584173487242,0.9413940850793397,0.954963287548723,0.9493617462203475,0.9466079311900166,0.9408176113541674,0.9411647160084785,0.9349755178364275,0.9000350092794123,0.9004527831920549,0.8798647354014894,0.9277584217389081,0.9312163922825913,0.9095147193426302
P03ox,0.9864879758987153,0.9847628785448828,0.9849603691230999,0.9841230210008296,0.9791850885930573,1.0,0.9708597049767285,0.9753782052381751,0.9764341981565445,0.9716707207324964,0.9579437581016148,0.9684820740808633,0.9656742892509421,0.9346997903173253,0.9620892608783773,0.9661727593017132,0.9482406808934968,0.9205951052189673,0.9503103842534617,0.9342060710078489,0.953104663393784,0.9513543271807438,0.9515136087798357,0.9412876032128988,0.9631327243371616,0.9582585896161143,0.9528334766413324,0.9489331679384175,0.9485339349429527,0.9405835363251043,0.9055329520264047,0.9060662714870268,0.8786961024692501,0.9344671470937326,0.9375416767774809,0.9081254033986345
P07con,0.9677154547652975,0.9715310284728939,0.9717910685452015,0.969836732644639,0.9681047544577973,0.9708597049767285,1.0,0.9689113098424509,0.9734827547834888,0.9841640900014788,0.9736859447549097,0.984427364769813,0.9512177973451513,0.9128361368302893,0.9428519370421342,0.9504471836834344,0.9310225537205156,0.895600955441406,0.9379432848877497,0.919891676158982,0.9387602868632824,0.9420488805226434,0.9435395883719252,0.933077960306693,0.9479520207512484,0.9464516655604701,0.9393200633128229,0.9333930766773612,0.9312932786943402,0.9256529954549121,0.8891699937044787,0.8903165496132888,0.8641910293641442,0.9277050567910836,0.926753580791614,0.9035414797984896
P07fu,0.9766116133436774,0.9761002173610585,0.9844677814368908,0.9813485613963647,0.9781687654232233,0.9753782052381751,0.9689113098424509,1.0,0.9870943095813521,0.9690236994761341,0.9577691106433859,0.9670414058417642,0.9571499352449961,0.930498882033907,0.9545634252302022,0.9677033500830159,0.9385879075671075,0.914503182545813,0.9486067157712117,0.9376444033497224,0.9533853661208395,0.9446923687960054,0.9459695803314612,0.9354754454785363,0.9534177765636574,0.9462376787151355,0.9407825225114637,0.9447372018411246,0.9450815278973509,0.9354631102542952,0.898519428139302,0.8993128982620259,0.8750406233765973,0.9266458112663116,0.9290677374275952,0.9010540449224129
P07ox,0.9768891044849156,0.9769995211056954,0.9852749222243036,0.9825121938577429,0.9753031396774904,0.9764341981565445,0.9734827547834888,0.9870943095813521,1.0,0.9723152130309686,0.958099261113579,0.9714306151025948,0.9572878276285967,0.9254447980346565,0.9529835887537232,0.9648602334547826,0.9360943320131303,0.9082177971995137,0.9451487557455863,0.9315656365400651,0.9496511351046749,0.9424571196921495,0.9441129538994145,0.9333155766122871,0.953440660496942,0.9475888640514707,0.942162773606606,0.9437033947474629,0.9425071080019849,0.934039467729566,0.8956478065549021,0.896472933796609,0.8711538409964785,0.9263026212377656,0.9276789971912708,0.900507477895944
P15con,0.9734412054691051,0.972634802607527,0.9730313414078955,0.9736460746771196,0.9680336028928227,0.9716707207324964,0.9841640900014788,0.9690236994761341,0.9723152130309686,1.0,0.9795909237489092,0.9899296426970948,0.9606975617188369,0.9241455438343694,0.9532175032787147,0.9567317027626717,0.9396405149023513,0.9059737022291806,0.9493227652887564,0.9290861580165254,0.948489069005208,0.9508242627292578,0.9540914238060882,0.9415939555536558,0.9585692856584953,0.9575066590867118,0.9500982342925158,0.9428208748903789,0.9414867850825364,0.9353008844213561,0.9010351832789641,0.9023669013473855,0.8739714889652702,0.9369814782500042,0.9368153901618891,0.9125211064495532
P15fu,0.9588082655389232,0.9639234102572899,0.9553095891606725,0.9520472317227308,0.9640874488470008,0.9579437581016148,0.9736859447549097,0.9577691106433859,0.958099261113579,0.9795909237489092,1.0,0.9831048037554966,0.9424821223702323,0.909584064741654,0.9345978013970159,0.935540163250195,0.9239054197076668,0.890675855078684,0.935275136256367,0.9177162764774782,0.9320852554286001,0.9358079036073798,0.9424936274730796,0.9285407612444746,0.9433233570577404,0.9440751450130007,0.9365661188291374,0.9257363095814419,0.9265334253593714,0.9207746750929119,0.8887559323562935,0.8902410118424244,0.8678299864262755,0.9228454085625778,0.9221762860618961,0.9049850114427324
P15ox,0.969811176313041,0.9720918932452067,0.970617007626778,0.9687126848544885,0.967263465684975,0.9684820740808633,0.984427364769813,0.9670414058417642,0.9714306151025948,0.9899296426970948,0.9831048037554966,1.0,0.9544248370656163,0.9175856519924703,0.94626672821218,0.9504927979624962,0.9333062180865366,0.8992847243740093,0.9431055286266995,0.9237454245284948,0.9425736062758351,0.945315414725904,0.9490922751773264,0.9365102267674812,0.9539502743685678,0.9531966819263723,0.9469413020588083,0.9384649382148071,0.9367237195468888,0.9311702031574971,0.8974655843823607,0.8986327526659829,0.8725437478513104,0.9324972130470771,0.9317058300661397,0.911401792767211
P02_Ccon,0.9720970567173819,0.9638886421264808,0.966808459946901,0.9736004179951951,0.9563726523214164,0.9656742892509421,0.9512177973451513,0.9571499352449961,0.9572878276285967,0.9606975617188369,0.9424821223702323,0.9544248370656163,1.0,0.9500998487651998,0.9896627294962955,0.9716460999097727,0.9750348622229433,0.9444802376952103,0.9644278361939786,0.9376387615151359,0.9610573261169759,0.9540967466903686,0.9650127195724817,0.9442944525216432,0.9648846201142999,0.962927508761543,0.9528894663924001,0.9501949809557102,0.9498077671075981,0.9434118898572885,0.9230820953061859,0.9249114018600226,0.8869236829672357,0.9341555958191853,0.9359141860175709,0.9130680745149661
P02_Cfu,0.9314988525641443,0.9423921439946246,0.929319911539701,0.9320946779494844,0.9417829475179353,0.9346997903173253,0.9128361368302893,0.930498882033907,0.9254447980346565,0.9241455438343694,0.909584064741654,0.9175856519924703,0.9500998487651998,1.0,0.9653702955000364,0.9659212155710419,0.9702930570279684,0.9741370329466295,0.9713874611947567,0.9754425546556625,0.9713138715539965,0.9701248443222518,0.9703062458218892,0.9646599310416192,0.9481825887262495,0.9441512764411346,0.9456774899077675,0.9377526883787803,0.9383835625059651,0.9397334543208307,0.9329395828300409,0.9310672842611214,0.9115217956383544,0.9323569316838973,0.9386118099399857,0.9249010742647923
P02_Cox,0.9664179814277492,0.9615334695761483,0.9620876190928273,0.9678367205951708,0.9553900313257194,0.9620892608783773,0.9428519370421342,0.9545634252302022,0.9529835887537232,0.9532175032787147,0.9345978013970159,0.94626672821218,0.9896627294962955,0.9653702955000364,1.0,0.9769408687224365,0.9819226547931963,0.9613886014409665,0.973223368112947,0.9532196783118748,0.9709842336796172,0.9648156700529699,0.9726611118625955,0.9562515395386291,0.966847307884666,0.9635414477546389,0.9567153037982584,0.9540392815404413,0.954067380085094,0.9489605960665661,0.9340553443416553,0.9348346280240925,0.8998947107519994,0.9392272367127005,0.9430439614682067,0.920626446122022
P03_Ccon,0.964787591904072,0.9638331008772463,0.9689291106055461,0.9733953260588175,0.9637269193932846,0.9661727593017132,0.9504471836834344,0.9677033500830159,0.9648602334547826,0.9567317027626717,0.935540163250195,0.9504927979624962,0.9716460999097727,0.9659212155710419,0.9769408687224365,1.0,0.9725846095114549,0.9579693293247382,0.974254507900327,0.9646101256034745,0.9762822417355683,0.9692251615969297,0.9713621930184893,0.9618214249481236,0.9636185183981246,0.958354968707651,0.9542393106260982,0.9567463518709997,0.956150236067918,0.9510044435743592,0.9277668489909232,0.9271625638665277,0.9005747900939082,0.9410793310430253,0.9444477221711396,0.9197860021544642
P03_Cfu,0.9460215848516114,0.9479203806217693,0.9429691559533369,0.9490079996320873,0.9456678932320146,0.9482406808934968,0.9310225537205156,0.9385879075671075,0.9360943320131303,0.9396405149023513,0.9239054197076668,0.9333062180865366,0.9750348622229433,0.9702930570279684,0.9819226547931963,0.9725846095114549,1.0,0.9742350059863684,0.9741699461293799,0.959961598217418,0.9706841252774702,0.9691778314273891,0.9774843605358672,0.9626976361715703,0.955790074329253,0.953692922049463,0.9483022191215542,0.9418445956910838,0.941735718600134,0.9410187116326824,0.9343338102795832,0.9342373965763358,0.9033680738730858,0.9348513900212537,0.9386876162517035,0.9233469686388555
P03_Cox,0.9160366284243258,0.9252023263302888,0.914737615463427,0.9182756664156074,0.9254741775796993,0.9205951052189673,0.895600955441406,0.914503182545813,0.9082177971995137,0.9059737022291806,0.890675855078684,0.8992847243740093,0.9444802376952103,0.9741370329466295,0.9613886014409665,0.9579693293247382,0.9742350059863684,1.0,0.9619432727333816,0.9628059126226146,0.9609805757786218,0.9600770319967111,0.9641518671406194,0.9549965634701054,0.9356776879483505,0.9309839467878711,0.9313331754997375,0.9255013076771754,0.9264668793950123,0.9285992369241859,0.9275088946823457,0.9261473323349336,0.9031417055070371,0.9204477725435726,0.9274533346184026,0.9142733073209292
P07_Ccon,0.9532375742567073,0.9529635735546985,0.9504331459460714,0.9534874053523639,0.9493330147028577,0.9503103842534617,0.9379432848877497,0.9486067157712117,0.9451487557455863,0.9493227652887564,0.935275136256367,0.9431055286266995,0.9644278361939786,0.9713874611947567,0.973223368112947,0.974254507900327,0.9741699461293799,0.9619432727333816,1.0,0.9787051455722308,0.9882742656295035,0.9828325871051796,0.9838240224296729,0.9805686761961763,0.9658858229396985,0.9635422241652959,0.9624484275218831,0.9573447265648186,0.9581061034580439,0.9569170400438347,0.9482886237600425,0.9460630638888907,0.9270743477732369,0.950403885630417,0.9542682347819473,0.9397926620677975
P07_Cfu,0.9311586806025349,0.9417161913392786,0.9311289188847937,0.9316150812529272,0.9449057386497568,0.9342060710078489,0.919891676158982,0.9376444033497224,0.9315656365400651,0.9290861580165254,0.9177162764774782,0.9237454245284948,0.9376387615151359,0.9754425546556625,0.9532196783118748,0.9646101256034745,0.959961598217418,0.9628059126226146,0.9787051455722308,1.0,0.9797312587472822,0.9781238258627764,0.9722596565303635,0.976558840954136,0.9464688283179383,0.9418481855116587,0.9463576896052512,0.9389896082404897,0.9397491927949143,0.9412007918575874,0.9343132427865043,0.931421627464583,0.9223781329370606,0.9363148629885956,0.9420907920848842,0.9306871835020901
P07_Cox,0.9547658985459243,0.9559459081983152,0.9543317132300865,0.9557932613153429,0.9523851510963568,0.953104663393784,0.9387602868632824,0.9533853661208395,0.9496511351046749,0.948489069005208,0.9320852554286001,0.9425736062758351,0.9610573261169759,0.9713138715539965,0.9709842336796172,0.9762822417355683,0.9706841252774702,0.9609805757786218,0.9882742656295035,0.9797312587472822,1.0,0.9817132035848525,0.9805150893030602,0.9784096847410777,0.965684017105402,0.9616568132195045,0.9625769837313274,0.9582958568956438,0.958457920546685,0.9569811565832828,0.9450974292173465,0.9425167564635778,0.9251161158620087,0.9494702026218198,0.9544726224383414,0.9376466021186866
P15_Ccon,0.9498545258788883,0.9547551087047489,0.9480791583558513,0.948348458809826,0.9504534315654852,0.9513543271807438,0.9420488805226434,0.9446923687960054,0.9424571196921495,0.9508242627292578,0.9358079036073798,0.945315414725904,0.9540967466903686,0.9701248443222518,0.9648156700529699,0.9692251615969297,0.9691778314273891,0.9600770319967111,0.9828325871051796,0.9781238258627764,0.9817132035848525,1.0,0.9823553511697477,0.9874672321690123,0.9627087713899993,0.959417415692325,0.9613869603810488,0.9523513603092674,0.952066055664273,0.9528691095299541,0.944309459881101,0.9417675283246326,0.9259362858112407,0.9526467295164494,0.9579416034966681,0.9423889985541712
P15_Cfu,0.9514975227742137,0.9563922322992402,0.9492577263829473,0.9508626691341675,0.9518584173487242,0.9515136087798357,0.9435395883719252,0.9459695803314612,0.9441129538994145,0.9540914238060882,0.9424936274730796,0.9490922751773264,0.9650127195724817,0.9703062458218892,0.9726611118625955,0.9713621930184893,0.9774843605358672,0.9641518671406194,0.9838240224296729,0.9722596565303635,0.9805150893030602,0.9823553511697477,1.0,0.9788890670368838,0.9655054312041136,0.9639758016433221,0.9628914145012396,0.9536054822606433,0.9536619097534259,0.954723795305808,0.9447523668328689,0.9432359015506991,0.9217690739640435,0.9508119025071453,0.9542859662400974,0.9421263116099236
P15_Cox,0.9408694017769875,0.9461390227846993,0.9392781195607062,0.9387255272602251,0.9413940850793397,0.9412876032128988,0.933077960306693,0.9354754454785363,0.9333155766122871,0.9415939555536558,0.9285407612444746,0.9365102267674812,0.9442944525216432,0.9646599310416192,0.9562515395386291,0.9618214249481236,0.9626976361715703,0.9549965634701054,0.9805686761961763,0.976558840954136,0.9784096847410777,0.9874672321690123,0.9788890670368838,1.0,0.9576166525207156,0.9549810798243772,0.9587254955554078,0.9492922760327203,0.9493209206864337,0.9512958732267673,0.9479052930863945,0.9451172695699177,0.9350287407777769,0.9511022733998667,0.9553960909665549,0.9448775097694249
P02_CPc,0.9696194106825299,0.969097386884019,0.9668204873947122,0.9655443652027056,0.954963287548723,0.9631327243371616,0.9479520207512484,0.9534177765636574,0.953440660496942,0.9585692856584953,0.9433233570577404,0.9539502743685678,0.9648846201142999,0.9481825887262495,0.966847307884666,0.9636185183981246,0.955790074329253,0.9356776879483505,0.9658858229396985,0.9464688283179383,0.965684017105402,0.9627087713899993,0.9655054312041136,0.9576166525207156,1.0,0.9943874972993463,0.9925190366502138,0.9881814766632516,0.9883378026582773,0.9854472533406449,0.9624448539706788,0.9617654902912183,0.9344589220220196,0.9800454963040277,0.982089786650791,0.9604175790696684
P02_CPp1,0.9643984646597408,0.9638851381948178,0.9601999224358478,0.9602704330956534,0.9493617462203475,0.9582585896161143,0.9464516655604701,0.9462376787151355,0.9475888640514707,0.9575066590867118,0.9440751450130007,0.9531966819263723,0.962927508761543,0.9441512764411346,0.9635414477546389,0.958354968707651,0.953692922049463,0.9309839467878711,0.9635422241652959,0.9418481855116587,0.9616568132195045,0.959417415692325,0.9639758016433221,0.9549810798243772,0.9943874972993463,1.0,0.9924462317022662,0.9867159946295253,0.9864147485016035,0.9850279983017016,0.9652687121346006,0.964856305235007,0.9373154484360116,0.9816110850911367,0.980883072516331,0.9637093008544427
P02_CPs1,0.9590439270314081,0.9621233647086801,0.9555653300955703,0.9530250347981377,0.9466079311900166,0.9528334766413324,0.9393200633128229,0.9407825225114637,0.942162773606606,0.9500982342925158,0.9365661188291374,0.9469413020588083,0.9528894663924001,0.9456774899077675,0.9567153037982584,0.9542393106260982,0.9483022191215542,0.9313331754997375,0.9624484275218831,0.9463576896052512,0.9625769837313274,0.9613869603810488,0.9628914145012396,0.9587254955554078,0.9925190366502138,0.9924462317022662,1.0,0.9863547871352055,0.9857613203495346,0.9866848092262469,0.9685426820559933,0.9672053750668782,0.9467348538420102,0.9816019948905061,0.9826072708925109,0.9694122741266461
P03_CPc,0.9569191802601712,0.9541429999009979,0.9569230664034253,0.9558441813460897,0.9408176113541674,0.9489331679384175,0.9333930766773612,0.9447372018411246,0.9437033947474629,0.9428208748903789,0.9257363095814419,0.9384649382148071,0.9501949809557102,0.9377526883787803,0.9540392815404413,0.9567463518709997,0.9418445956910838,0.9255013076771754,0.9573447265648186,0.9389896082404897,0.9582958568956438,0.9523513603092674,0.9536054822606433,0.9492922760327203,0.9881814766632516,0.9867159946295253,0.9863547871352055,1.0,0.996778864155215,0.994826336429046,0.9702752993202537,0.9695688678841942,0.9462066097460774,0.9815389826991987,0.9811054028660255,0.9629231436036447
P03_CPp1,0.9571125065718532,0.9538005850519566,0.9560941841401058,0.9547047434149358,0.9411647160084785,0.9485339349429527,0.9312932786943402,0.9450815278973509,0.9425071080019849,0.9414867850825364,0.9265334253593714,0.9367237195468888,0.9498077671075981,0.9383835625059651,0.954067380085094,0.956150236067918,0.941735718600134,0.9264668793950123,0.9581061034580439,0.9397491927949143,0.958457920546685,0.952066055664273,0.9536619097534259,0.9493209206864337,0.9883378026582773,0.9864147485016035,0.9857613203495346,0.996778864155215,1.0,0.9947457575456359,0.970356945617167,0.9695808374737306,0.9462360438282572,0.9814277960176973,0.9818738701577865,0.9619392952841798
P03_CPs1,0.9472544120710035,0.9485369370899316,0.9473618980555942,0.9449425410217126,0.9349755178364275,0.9405835363251043,0.9256529954549121,0.9354631102542952,0.934039467729566,0.9353008844213561,0.9207746750929119,0.9311702031574971,0.9434118898572885,0.9397334543208307,0.9489605960665661,0.9510044435743592,0.9410187116326824,0.9285992369241859,0.9569170400438347,0.9412007918575874,0.9569811565832828,0.9528691095299541,0.954723795305808,0.9512958732267673,0.9854472533406449,0.9850279983017016,0.9866848092262469,0.994826336429046,0.9947457575456359,1.0,0.9758159677303583,0.9748104075804445,0.9541656615796461,0.9837324516429881,0.9828735905558574,0.9698066899449603
P07_CPc,0.9130750421158891,0.9123576545404567,0.9085849798653443,0.9084096219079393,0.9000350092794123,0.9055329520264047,0.8891699937044787,0.898519428139302,0.8956478065549021,0.9010351832789641,0.8887559323562935,0.8974655843823607,0.9230820953061859,0.9329395828300409,0.9340553443416553,0.9277668489909232,0.9343338102795832,0.9275088946823457,0.9482886237600425,0.9343132427865043,0.9450974292173465,0.944309459881101,0.9447523668328689,0.9479052930863945,0.9624448539706788,0.9652687121346006,0.9685426820559933,0.9702752993202537,0.970356945617167,0.9758159677303583,1.0,0.9966276593463956,0.9787346843115303,0.976289501703464,0.972598085734553,0.9745619537685998
P07_CPp1,0.91395332534454,0.912534010465495,0.9090849095887825,0.909364687572266,0.9004527831920549,0.9060662714870268,0.8903165496132888,0.8993128982620259,0.896472933796609,0.9023669013473855,0.8902410118424244,0.8986327526659829,0.9249114018600226,0.9310672842611214,0.9348346280240925,0.9271625638665277,0.9342373965763358,0.9261473323349336,0.9460630638888907,0.931421627464583,0.9425167564635778,0.9417675283246326,0.9432359015506991,0.9451172695699177,0.9617654902912183,0.964856305235007,0.9672053750668782,0.9695688678841942,0.9695808374737306,0.9748104075804445,0.9966276593463956,1.0,0.9769819117985067,0.9760013590366924,0.9715026226857135,0.9732825226656783
P07_CPs1,0.8853722482121266,0.889074190519636,0.8817429742776358,0.8787737406742837,0.8798647354014894,0.8786961024692501,0.8641910293641442,0.8750406233765973,0.8711538409964785,0.8739714889652702,0.8678299864262755,0.8725437478513104,0.8869236829672357,0.9115217956383544,0.8998947107519994,0.9005747900939082,0.9033680738730858,0.9031417055070371,0.9270743477732369,0.9223781329370606,0.9251161158620087,0.9259362858112407,0.9217690739640435,0.9350287407777769,0.9344589220220196,0.9373154484360116,0.9467348538420102,0.9462066097460774,0.9462360438282572,0.9541656615796461,0.9787346843115303,0.9769819117985067,1.0,0.9532029480512766,0.9486123292673149,0.9751734409885324
P15_CPc,0.9383028278433961,0.9408603127541988,0.9372577168204927,0.9348920562257895,0.9277584217389081,0.9344671470937326,0.9277050567910836,0.9266458112663116,0.9263026212377656,0.9369814782500042,0.9228454085625778,0.9324972130470771,0.9341555958191853,0.9323569316838973,0.9392272367127005,0.9410793310430253,0.9348513900212537,0.9204477725435726,0.950403885630417,0.9363148629885956,0.9494702026218198,0.9526467295164494,0.9508119025071453,0.9511022733998667,0.9800454963040277,0.9816110850911367,0.9816019948905061,0.9815389826991987,0.9814277960176973,0.9837324516429881,0.976289501703464,0.9760013590366924,0.9532029480512766,1.0,0.9941791745241827,0.9776083573892689
P15_CPp1,0.9412995850896813,0.9445373531651604,0.9398383704365983,0.9366289373968959,0.9312163922825913,0.9375416767774809,0.926753580791614,0.9290677374275952,0.9276789971912708,0.9368153901618891,0.9221762860618961,0.9317058300661397,0.9359141860175709,0.9386118099399857,0.9430439614682067,0.9444477221711396,0.9386876162517035,0.9274533346184026,0.9542682347819473,0.9420907920848842,0.9544726224383414,0.9579416034966681,0.9542859662400974,0.9553960909665549,0.982089786650791,0.980883072516331,0.9826072708925109,0.9811054028660255,0.9818738701577865,0.9828735905558574,0.972598085734553,0.9715026226857135,0.9486123292673149,0.9941791745241827,1.0,0.9739313780874006
P15_CPs1,0.9113933154893218,0.9206341884284874,0.9098600057733485,0.9055986178916599,0.9095147193426302,0.9081254033986345,0.9035414797984896,0.9010540449224129,0.900507477895944,0.9125211064495532,0.9049850114427324,0.911401792767211,0.9130680745149661,0.9249010742647923,0.920626446122022,0.9197860021544642,0.9233469686388555,0.9142733073209292,0.9397926620677975,0.9306871835020901,0.9376466021186866,0.9423889985541712,0.9421263116099236,0.9448775097694249,0.9604175790696684,0.9637093008544427,0.9694122741266461,0.9629231436036447,0.9619392952841798,0.9698066899449603,0.9745619537685998,0.9732825226656783,0.9751734409885324,0.9776083573892689,0.9739313780874006,1.0
